"title","desciption"
"【特價92折】Menforsan 愛莎蓉 貓用驅蟲滴劑2管 (0662) / 貓用抗壓鎮定滴劑2管(0760) 【共2款】 >可超取 (J002B43)","<HTML><header><meta name=""viewport"" content=""width=device-width, initial-scale=1, maximum-scale=15.0, user-scalable=yes""><style>img, div{max-width: 100%;height: auto;}div[align=""center""]>center>table,div[align=""center""]>center>table *{width: 100% !important;} div[align=""center""]>center>table img{max-width:750px;}div[align=""center""]>center>table tr td p,div[align=""center""]>center>table tr td{width:auto!important;}</style></header><body><p><b style=""color: rgb(41, 82, 24)""><span style=""font-size: 18px"">愛莎蓉 天然貓用驅蟲滴劑2管(0662)</span></b><br></p><p><b style=""font-family: &quot;Microsoft JhengHei&quot;"">●天然苦楝油、香葉醇、薰衣草油萃取物配方，有效預防跳蚤、壁蝨、蟎蟲、蝨子、蚊子</b><br></p><p><span style=""font-size: 14px; font-weight: bold; font-family: &quot;Microsoft JhengHei&quot;"">●每管效果長達30天，天然配方，沒有任何副作用，</span><span style=""font-size: 14px; font-weight: 700; font-family: &quot;Microsoft JhengHei&quot;"">適合全品種貓咪&nbsp;</span><span style=""color: rgb(206, 0, 0); font-size: 14px; font-weight: bold; font-family: &quot;Microsoft JhengHei&quot;"">(禁用於3個月內的幼貓及哺乳中的母貓身上)</span></p><p><span style=""font-family: &quot;Microsoft JhengHei&quot;"">容量：2管*1.5ML(毫升)</span><span style=""font-size: 14px""><br></span></p><p><span style=""font-size: 14px; font-family: &quot;Microsoft JhengHei&quot;"">成份：</span></p><p><span style=""font-size: 14px; font-family: &quot;Microsoft JhengHei&quot;"">丙二醇，硬脂醇聚醚-20甲基丙烯酸酯共聚物，水，香葉醇，楝樹提取物，薰衣草油，爪哇香茅油，2-苯氧乙醇，辛烷-1,2-二醇，癸烷-1,2-二醇</span></p><p><span style=""font-size: 14px""><br></span></p><p><span style=""font-size: 14px; font-family: &quot;Microsoft JhengHei&quot;"">使用方法：</span></p><p><span style=""font-size: 14px; font-family: &quot;Microsoft JhengHei&quot;"">將滴劑滴在寵物頸後背部皮膚上，從頭頂到肩胛骨(滴於貓咪舔不到的位置)，便會迅速透過寵物表皮吸收，毛髮一定要梳撥開，使滴液直接作用於皮膚上，不需要再按摩皮膚。</span></p><p><span style=""font-size: 14px; font-weight: bold; color: rgb(0, 128, 255); font-family: &quot;Microsoft JhengHei&quot;"">使用完請務必洗手，請勿用手指塗抹！</span></p><p><span style=""font-size: 14px""><br></span></p><p><span style=""font-size: 14px; font-family: &quot;Microsoft JhengHei&quot;"">用量：每月1管，如貓咪常有在室外活動，則15天用1管。</span></p><p><span style=""font-weight: bold; color: rgb(57, 123, 33)""><span style=""font-size: 14px; font-family: &quot;Microsoft JhengHei&quot;"">※愛莎蓉驅蟲滴劑商品，成份皆是採天然無毒，並不像藥用除蚤滴劑，所以不需要依照寵物的體重來分劑量。</span><br></span></p><p><span style=""font-size: 14px; font-weight: bold; font-family: &quot;Microsoft JhengHei&quot;; color: rgb(57, 123, 33)"">居家貓一個月1管，如貓咪常有在室外活動，則15天用1管。</span></p><p><span style=""font-size: 14px; font-weight: bold; font-family: &quot;Microsoft JhengHei&quot;; color: rgb(57, 123, 33)"">大型貓也可以加到2管，可依自身需求衡量。</span></p><p><span style=""font-size: 14px""><br></span></p><p><span style=""font-size: 14px"">－－－－－－－－－－－－－－－－－－－－－－－－－－－－</span></p><span style=""font-size: 18px"">  </span><table border=""0"" cellpadding=""0"" cellspacing=""0"" width=""400"" style=""width: 300pt""><tbody><tr height=""33"" style=""height: 24.75pt""><td height=""33"" class=""xl335"" width=""400"" style=""height: 24.75pt; width: 300pt""><p><span style=""font-weight: bold; color: rgb(99, 74, 165); font-size: 18px"">愛莎蓉  貓用抗壓鎮定滴劑2管(0760)</span></p></td></tr></tbody></table><p class=""MsoNormal""><span style=""font-family: &quot;Microsoft JhengHei&quot;; font-weight: bold"">●西班牙原裝進口，獸醫師推薦商品，天然商品</span></p><p class=""MsoNormal""><span style=""font-weight: bold""><span style=""font-family: &quot;Microsoft JhengHei&quot;"">●</span><span style=""font-family: &quot;Microsoft JhengHei&quot;"">纈草是一種具有鎮定減壓功效的天然植物。</span><span lang=""EN-US""></span></span></p><p class=""MsoNormal""><span style=""font-weight: bold""><span style=""font-family: &quot;Microsoft JhengHei&quot;"">●</span><span style=""font-family: &quot;Microsoft JhengHei&quot;"">藉由纈草精油，能降低焦躁或壓力，控制異常的行為，，如過度抓沙發、亂喵喵叫、煙火、亂尿尿做記號</span><span lang=""EN-US""><span style=""font-family: &quot;Microsoft JhengHei&quot;"">…</span></span></span></p><p class=""MsoNormal""><span style=""font-weight: bold""><span style=""font-family: &quot;Microsoft JhengHei&quot;"">●</span><span style=""font-family: &quot;Microsoft JhengHei&quot;"">有效改善特定或異常壓力（例如環璄改變、旅行、新成員、看獸醫</span><span lang=""EN-US"" style=""font-family: &quot;Microsoft JhengHei&quot;"">….</span><span style=""font-family: &quot;Microsoft JhengHei&quot;"">等）的狀況下。</span><span lang=""EN-US""></span></span></p><p class=""MsoNormal""><span style=""font-weight: bold""><span lang=""EN-US"" style=""font-family: &quot;Microsoft JhengHei&quot;"">●&nbsp;</span><span style=""font-family: &quot;Microsoft JhengHei&quot;"">每次使用效果長達</span><span lang=""EN-US"" style=""font-family: &quot;Microsoft JhengHei&quot;"">7</span><span style=""font-family: &quot;Microsoft JhengHei&quot;"">天，使用過後</span><span lang=""EN-US"" style=""font-family: &quot;Microsoft JhengHei&quot;"">1</span><span style=""font-family: &quot;Microsoft JhengHei&quot;"">小時就有效果</span></span></p><p class=""MsoNormal""><span lang=""EN-US"" style=""font-family: &quot;Microsoft JhengHei&quot;"">&nbsp;</span></p><p class=""MsoNormal""><span style=""font-family: &quot;Microsoft JhengHei&quot;; font-size: 14px"">成份：丙二醇、纈草精油、香味</span><span lang=""EN-US""></span></p><p class=""MsoNormal""><span style=""text-align: justify; font-size: 14px; font-family: &quot;Microsoft JhengHei&quot;"">容量：</span><span lang=""EN-US"" style=""text-align: justify; font-size: 14px; font-family: &quot;Microsoft JhengHei&quot;"">2</span><span style=""text-align: justify; font-size: 14px; font-family: &quot;Microsoft JhengHei&quot;"">管</span><span lang=""EN-US"" style=""text-align: justify; font-size: 14px; font-family: &quot;Microsoft JhengHei&quot;"">*0.5ML(</span><span style=""text-align: justify; font-size: 14px; font-family: &quot;Microsoft JhengHei&quot;"">毫升</span><span lang=""EN-US"" style=""text-align: justify; font-size: 14px; font-family: &quot;Microsoft JhengHei&quot;"">)</span></p><p class=""MsoNormal""><span lang=""EN-US"" style=""text-align: justify; font-size: 11pt""><br></span><br></p><p class=""MsoNormal""><span style=""font-size: 11pt; font-family: 細明體""><span style=""font-family: &quot;Microsoft JhengHei&quot;; font-size: 14px"">用量：</span><span lang=""EN-US""></span></span></p><p class=""MsoNormal""><span style=""font-size: 11pt; font-family: 細明體""><span style=""font-family: &quot;Microsoft JhengHei&quot;; font-size: 14px"">每次使用</span><span lang=""EN-US"" style=""font-family: &quot;Microsoft JhengHei&quot;; font-size: 14px"">1</span><span style=""font-family: &quot;Microsoft JhengHei&quot;; font-size: 14px"">管，</span></span><span style=""font-family: &quot;Microsoft JhengHei&quot;; font-size: 14px"">每次使用效果長達</span><span lang=""EN-US"" style=""font-family: &quot;Microsoft JhengHei&quot;; font-size: 14px"">7</span><span style=""font-family: &quot;Microsoft JhengHei&quot;; font-size: 14px"">天</span><span lang=""EN-US""></span></p><p class=""MsoNormal""><span lang=""EN-US"" style=""font-size: 14px; font-family: &quot;Microsoft JhengHei&quot;"">&nbsp;</span></p><p class=""MsoNormal""><span style=""font-size: 11pt; font-family: 細明體""><span style=""font-family: &quot;Microsoft JhengHei&quot;; font-size: 14px"">使用方法：</span><span lang=""EN-US""></span></span></p><p class=""MsoNormal""><span style=""font-size: 14px; font-family: &quot;Microsoft JhengHei&quot;"">洗完澡後再使用，</span><span style=""font-size: 14px; font-family: &quot;Microsoft JhengHei&quot;"">將滴劑二耳後的頸後背部皮膚上，滴完</span><span lang=""EN-US"" style=""font-family: &quot;Microsoft JhengHei&quot;; font-size: 14px"">1</span><span style=""font-family: &quot;Microsoft JhengHei&quot;; font-size: 14px"">小時後，纈草精油就會產生功效喔</span><span lang=""EN-US"" style=""font-size: 11pt""></span></p><p class=""MsoNormal"" style=""text-align: justify""><br></p><p><span style=""font-family: &quot;Microsoft JhengHei&quot;; font-size: 14px""></span></p><p class=""MsoNormal"" style=""text-align: justify""><span style=""text-align: left; font-family: &quot;Microsoft JhengHei&quot;; font-size: 14px"">－－－－－－－－－－－－－－－－－－－－－－－－－－－－</span></p><p><span style=""font-size: 14px; font-family: &quot;Microsoft JhengHei&quot;"">注意事項：限外用使用。避免放置寵物及孩童可及之處。</span></p><p><span style=""font-family: &quot;Microsoft JhengHei&quot;; font-size: 14px"">保存期限：5年　有效期限：請參見盒裝上(月/西元年)</span><br></p><p><span style=""font-family: &quot;Microsoft JhengHei&quot;; font-size: 14px"">產地：西班牙</span><br></p><p><span style=""font-size: 14px; font-family: &quot;Microsoft JhengHei&quot;""><br></span></p><p><img src=""https://diz36nn4q02zr.cloudfront.net/webapi/images/r/SalePageDesc/7749962/0.jpg?ts=200703"" data-filename=""xsoeldfo""><br><br><span style=""font-size: 14px; font-family: &quot;Microsoft JhengHei&quot;""><br></span></p><p><br></p></body></HTML>"
"【特價92折】Menforsan 愛莎蓉 貓用天然驅蟲項圈(三配方)(4622)／貓用螢光驅蟲項圈(1293)／貓用抗壓鎮定項圈(0630) 【共三款】 >可超取 (J002B33-3)","<HTML><header><meta name=""viewport"" content=""width=device-width, initial-scale=1, maximum-scale=15.0, user-scalable=yes""><style>img, div{max-width: 100%;height: auto;}div[align=""center""]>center>table,div[align=""center""]>center>table *{width: 100% !important;} div[align=""center""]>center>table img{max-width:750px;}div[align=""center""]>center>table tr td p,div[align=""center""]>center>table tr td{width:auto!important;}</style></header><body><span style=""font-size: 18px"">  </span><table border=""0"" cellpadding=""0"" cellspacing=""0"" width=""400"" style=""width: 300pt""><tbody><tr height=""33"" style=""height: 24.75pt""><td height=""33"" class=""xl335"" width=""400"" style=""height: 24.75pt; width: 300pt""><span style=""color: rgb(41, 82, 24); font-weight: bold; font-size: 18px"">愛莎蓉  貓用天然驅蟲項圈(三配方)(4622)</span></td></tr></tbody></table><p><span style=""font-size: 14px""><b>●高品質天然驅蟲項圈，更新配方，取用天然苦楝油萃取物、香葉醇、薰衣草油三配方</b></span></p><p><span style=""font-size: 14px""><b>●有效預防跳蚤，壁蝨，蝨子, 蟎蟲, 蟲子</b></span></p><p><span style=""font-size: 14px""><b><span style=""font-size: 14px""><span style=""color: rgb(57, 123, 33)"">●效果長達90天</span>，任何貓咪都可以使用，</span></b><span style=""color: rgb(255, 128, 192); font-weight: bold; font-size: 14px"">3個月以上幼貓即可使用</span></span></p><p><span style=""font-size: 14px""><b>●防水項圈，使用安全扣</b></span></p><p><span style=""font-size: 14px""><br></span></p><p><span style=""font-size: 14px"">成份：苦楝萃取物2.5%、薰衣草油1%、香葉醇1%</span></p><p>長度：33CM(公分)<br></p><p class=""MsoNormal""><br>－－－－－－－－－－－－－－－－－－－－－－－－－－－－－－－－</p><p class=""MsoNormal""><span style=""color: rgb(107, 165, 74); font-family: &quot;Microsoft JhengHei&quot;; font-size: 18px; font-weight: bold"">愛莎蓉 天然貓用螢光驅蟲項圈(1293)</span></p><p class=""MsoNormal""><span style=""font-weight: 700"">●高品質天然驅蟲項圈，更新配方，取用天然苦楝油萃取物、香葉醇、薰衣草油三配方</span><br></p><div><p><span style=""font-weight: 700"">●有效預防跳蚤，壁蝨，蝨子, 蟎蟲, 蟲子</span></p><p><span style=""font-weight: 700""><span style=""color: rgb(107, 165, 74)"">●效果長達90天</span>，任何貓咪都可以使用，</span><span style=""color: rgb(255, 128, 192); font-weight: bold"">3個月以上幼貓即可使用</span></p><p><span style=""font-family: &quot;Microsoft JhengHei&quot;; font-weight: bold""><span style=""color: rgb(107, 165, 74)"">●螢光項圈</span>，並有符合人體工程學的扣安全扣。</span></p></div><p class=""MsoNormal""><br></p><p class=""MsoNormal""><span style=""font-size: 14px; font-family: &quot;Microsoft JhengHei&quot;"">成份</span><span lang=""EN-US"" style=""font-size: 14px; font-family: &quot;Microsoft JhengHei&quot;"">: </span><span style=""font-size: 14px; font-family: &quot;Microsoft JhengHei&quot;"">苦楝萃取物</span><span lang=""EN-US"" style=""font-size: 14px; font-family: &quot;Microsoft JhengHei&quot;"">2.5%</span><span style=""font-size: 14px; font-family: &quot;Microsoft JhengHei&quot;"">、薰衣草油</span><span lang=""EN-US"" style=""font-size: 14px; font-family: &quot;Microsoft JhengHei&quot;"">1%</span><span style=""font-size: 14px; font-family: &quot;Microsoft JhengHei&quot;"">、香葉醇</span><span lang=""EN-US"" style=""font-size: 13.5pt; font-family: &quot;Times New Roman&quot;, serif""><span style=""font-family: &quot;Microsoft JhengHei&quot;; font-size: 14px"">1%</span></span></p><p class=""MsoNormal""><span style=""font-family: &quot;Microsoft JhengHei&quot;"">長度：</span><span lang=""EN-US"" style=""font-family: &quot;Microsoft JhengHei&quot;"">33CM(</span><span style=""font-family: &quot;Microsoft JhengHei&quot;"">公分</span><span lang=""EN-US"" style=""font-size: 13.5pt; font-family: &quot;Times New Roman&quot;, serif""><span style=""font-family: &quot;Microsoft JhengHei&quot;; font-size: 14px"">)</span></span><br></p><p class=""MsoNormal""><br></p><p class=""MsoNormal"">－－－－－－－－－－－－－－－－－－－－－－－－－－－－－－－－<br></p><span style=""font-size: 18px; color: rgb(140, 123, 198)"">  </span><table border=""0"" cellpadding=""0"" cellspacing=""0"" width=""400"" style=""width: 300pt""><tbody><tr height=""33"" style=""height: 24.75pt""><td height=""33"" class=""xl335"" width=""400"" style=""height: 24.75pt; width: 300pt""><span style=""font-weight: bold; font-size: 18px; color: rgb(140, 123, 198)"">愛莎蓉  貓用抗壓鎮定項圈(0630)</span></td></tr></tbody></table><p class=""MsoNormal""><span style=""font-weight: bold"">●西班牙原裝進口，獸醫師推薦商品，天然商品</span><br></p><p class=""MsoNormal""><span style=""font-weight: bold"">●纈草是一種具有鎮定減壓功效的天然植物。</span></p><p class=""MsoNormal""><span style=""font-weight: bold"">●藉由纈草精油，能降低焦躁或壓力，控制異常的行為，如過度抓沙發、亂喵喵叫、煙火、亂尿尿做記號…</span></p><p class=""MsoNormal""><span style=""font-weight: bold"">●有效改善特定或異常壓力（例如環璄改變、旅行、新成員、看獸醫….等）的狀況下。</span></p><p class=""MsoNormal""><span style=""font-weight: bold; color: rgb(156, 0, 255)"">●效果長達30天</span></p><p class=""MsoNormal""><span style=""font-weight: bold; color: rgb(156, 0, 255)"">●適用於：全年齡貓咪</span><br></p><p class=""MsoNormal""><br></p><p class=""MsoNormal"">成份：纈草精油、香味</p><p class=""MsoNormal"">長度：33CM(公分)<br></p><p class=""MsoNormal""><br></p><div>－－－－－－－－－－－－－－－－－－－－－－－－－－－－－－－－<br></div><p class=""MsoNormal""><br></p><p><span style=""font-size: 14px"">使用方法：</span></p><p><span style=""font-size: 14px"">1.平展項圈通過固定頭滑到底。</span></p><p><span style=""font-size: 14px"">2.穿過固定頭，並拉至適合尺寸位置。</span></p><p><span style=""font-size: 14px"">3.調整並剪掉多餘不必要的長度。</span></p><p><br></p><p><span style=""font-size: 14px; background-color: rgb(255, 255, 0); font-weight: bold; color: rgb(0, 0, 255)"">注意事項：限外用使用。避免放置寵物及孩童可及之處。</span></p><p>保存期限：5年&nbsp; &nbsp; &nbsp; &nbsp;&nbsp;<br></p><p>製造商：西班牙 LABORATORIOS BILPER Group&nbsp; &nbsp;<br></p><p>產地：西班牙<br></p><p><span style=""font-size: 14px""><br></span></p><p><img src=""https://diz36nn4q02zr.cloudfront.net/webapi/images/r/SalePageDesc/7749831/0.jpg?ts=203241"" data-filename=""tzrhytsw""><br><span style=""font-size: 14px""><br></span></p><div><br></div></body></HTML>"
"【特價90元】易堆寵物 貓咪蝴蝶結安全插扣項圈-日式花紋款(3色可選) 貓項圈 台灣 現貨 可超取 (K002C51)","<HTML><header><meta name=""viewport"" content=""width=device-width, initial-scale=1, maximum-scale=15.0, user-scalable=yes""><style>img, div{max-width: 100%;height: auto;}div[align=""center""]>center>table,div[align=""center""]>center>table *{width: 100% !important;} div[align=""center""]>center>table img{max-width:750px;}div[align=""center""]>center>table tr td p,div[align=""center""]>center>table tr td{width:auto!important;}</style></header><body><div><span style=""white-space: pre-wrap"">易堆寵物 貓咪蝴蝶結安全插扣項圈-日式花紋款 (10MM)。日式花紋款圖樣-唐草紋，蝴蝶結同時搭配鈴鐺，比較容易找到貓主子的行踨!。可依照貓主子的頸圈做調整，配帶時務必留1~2指間的空間，以免造成不舒服感!。此款為貓咪安全插扣，一拉就會打開，都不小心頸部被異物鉤住時，可自行掙脫，不會造成任何傷害。更適合給貓咪使用，不建議給狗狗帶，容易拉掉。</span><br></div><div><span style=""white-space: pre-wrap""></span></div><div><font><span style=""white-space: pre-wrap""><span style=""font-weight: bold; font-family: &quot;Arial Black&quot;; color: rgb(0, 0, 255)"">注意事項：</span></span></font></div><div><font><span style=""white-space: pre-wrap; font-family: &quot;Arial Black&quot;; color: rgb(255, 0, 255)"">商品屬於貼身接觸性衛生商品，購買後若經拆封及使用過，恕無法退貨，請見諒！</span></font></div><div><br></div><div><span style=""white-space: pre-wrap"">【顏色】唐草紅、唐草綠、唐草黑【尺寸】寬1.0cm，可調節頸圍範圍19-29cm(手工測量，誤差1~3公分以內）【材質】棉木、鈴鐺【產地】中國</span><br></div></body></HTML>"
"【特價60元】易堆寵物 貓咪安全插扣項圈-日式花紋款(3色可選) 貓項圈 台灣 現貨 可超取 (K002C41)","<HTML><header><meta name=""viewport"" content=""width=device-width, initial-scale=1, maximum-scale=15.0, user-scalable=yes""><style>img, div{max-width: 100%;height: auto;}div[align=""center""]>center>table,div[align=""center""]>center>table *{width: 100% !important;} div[align=""center""]>center>table img{max-width:750px;}div[align=""center""]>center>table tr td p,div[align=""center""]>center>table tr td{width:auto!important;}</style></header><body><div><span style=""white-space: pre-wrap"">易堆寵物 貓咪安全插扣項圈-日式花紋款 (10MM)。日式花紋款圖樣-唐草紋，同時搭配鈴鐺，比較容易找到貓主子的行踨!。可依照貓主子的頸圈做調整，配帶時務必留1~2指間的空間，以免造成不舒服感!。此款為貓咪安全插扣，一拉就會打開，都不小心頸部被異物鉤住時，可自行掙脫，不會造成任何傷害。更適合給貓咪使用，不建議給狗狗帶，容易拉掉。</span></div><div><span style=""white-space: pre-wrap""></span></div><div><font><span style=""white-space: pre-wrap""><span style=""font-weight: bold; font-family: &quot;Arial Black&quot;; color: rgb(0, 0, 255)"">注意事項：</span></span></font></div><div><font><span style=""white-space: pre-wrap; font-family: &quot;Arial Black&quot;; color: rgb(255, 0, 255)"">商品屬於貼身接觸性衛生商品，購買後若經拆封及使用過，恕無法退貨，請見諒！</span></font></div><div><br></div><div><span style=""white-space: pre-wrap"">【顏色】唐草紅、唐草綠、唐草黑【尺寸】寬1.0cm，可調節頸圍範圍19-29cm (手工測量，誤差1~3公分以內）【材質】棉木、鈴鐺【產地】中國</span><br></div></body></HTML>"
"【特價45元】易堆寵物 貓咪安全插扣項圈-日式和風款(3色可選) 貓項圈 台灣 現貨 可超取 (K002C31)","<HTML><header><meta name=""viewport"" content=""width=device-width, initial-scale=1, maximum-scale=15.0, user-scalable=yes""><style>img, div{max-width: 100%;height: auto;}div[align=""center""]>center>table,div[align=""center""]>center>table *{width: 100% !important;} div[align=""center""]>center>table img{max-width:750px;}div[align=""center""]>center>table tr td p,div[align=""center""]>center>table tr td{width:auto!important;}</style></header><body><div><div><font><span style=""white-space: pre-wrap"">易堆寵物 貓咪安全插扣項圈-日式和風款 (10MM)</span></font></div><div><font><span style=""white-space: pre-wrap""><br></span></font></div><div><font><span style=""white-space: pre-wrap"">。日式和風款圖樣，同時搭配鈴鐺，比較容易找到貓主子的行踨!</span></font></div><div><font><span style=""white-space: pre-wrap"">。可依照貓主子的頸圈做調整，配帶時務必留1~2指間的空間，以免造成不舒服感!</span></font></div><div><font><span style=""white-space: pre-wrap"">。此款為貓咪安全插扣，一拉就會打開，都不小心頸部被異物鉤住時，可自行掙脫，不會造成任何傷害。更適合給貓咪使用，不建議給狗狗帶，容易拉掉。</span></font></div><div><font><span style=""white-space: pre-wrap""><br></span></font></div><div><font><span style=""white-space: pre-wrap""><span style=""font-weight: bold; font-family: &quot;Arial Black&quot;; color: rgb(0, 0, 255)"">注意事項：</span></span></font></div><div><font><span style=""white-space: pre-wrap; font-family: &quot;Arial Black&quot;; color: rgb(255, 0, 255)"">商品屬於貼身接觸性衛生商品，購買後若經拆封及使用過，恕無法退貨，請見諒！</span></font></div><div><font><span style=""white-space: pre-wrap""><br></span></font></div><div><font><span style=""white-space: pre-wrap"">【顏色】粉色、黑色、紅色</span></font></div><div><font><span style=""white-space: pre-wrap"">【尺寸】寬1.0cm，可調節頸圍範圍19-29cm</span></font></div><div><font><span style=""white-space: pre-wrap"">(手工測量，誤差1~3公分以內）</span></font></div><div><font><span style=""white-space: pre-wrap"">【材質】棉木、鈴鐺</span></font></div><div><font><span style=""white-space: pre-wrap"">【產地】中國</span></font></div></div></body></HTML>"
"【特價20元】易堆寵物 攜帶式折疊寵物碗 (不挑色) 外出寵物碗 台灣現貨 可超取 (L003L11)","<HTML><header><meta name=""viewport"" content=""width=device-width, initial-scale=1, maximum-scale=15.0, user-scalable=yes""><style>img, div{max-width: 100%;height: auto;}div[align=""center""]>center>table,div[align=""center""]>center>table *{width: 100% !important;} div[align=""center""]>center>table img{max-width:750px;}div[align=""center""]>center>table tr td p,div[align=""center""]>center>table tr td{width:auto!important;}</style></header><body><div><span style=""color: rgba(0, 0, 0, 0.8); font-family: &quot;Helvetica Neue&quot;, Helvetica, Arial, 文泉驛正黑, &quot;WenQuanYi Zen Hei&quot;, &quot;Hiragino Sans GB&quot;, &quot;儷黑 Pro&quot;, &quot;LiHei Pro&quot;, &quot;Heiti TC&quot;, 微軟正黑體, &quot;Microsoft JhengHei UI&quot;, &quot;Microsoft JhengHei&quot;, sans-serif; white-space: pre-wrap"">易堆寵物 攜帶式折疊寵物碗(不挑色)，顏色隨機出貨。採用安全食品級矽膠材質，同時易清洗，質地柔軟，不怕摔不怕壓。折疊設計，收納方便， 。碗口有懸掛小孔，可搭配扣環(需自備)直接懸掛在牽繩或包包上，外出方便攜帶!【規格】碗口直徑13cm，高5cm  (人工測量，會有少許2cm左右誤差)【顏色】隨機，不挑色【材質】食品級矽膠 【產地】中國</span><br></div></body></HTML>"
"【特價290元】易堆寵物 泡泡飲水器 2.8L (３色)犬貓適用 免插電飲水機 喝水神器 台灣現貨 超取限一台(L003L01)","<HTML><header><meta name=""viewport"" content=""width=device-width, initial-scale=1, maximum-scale=15.0, user-scalable=yes""><style>img, div{max-width: 100%;height: auto;}div[align=""center""]>center>table,div[align=""center""]>center>table *{width: 100% !important;} div[align=""center""]>center>table img{max-width:750px;}div[align=""center""]>center>table tr td p,div[align=""center""]>center>table tr td{width:auto!important;}</style></header><body><div><span style=""color: rgba(0, 0, 0, 0.8); font-family: &quot;Helvetica Neue&quot;, Helvetica, Arial, 文泉驛正黑, &quot;WenQuanYi Zen Hei&quot;, &quot;Hiragino Sans GB&quot;, &quot;儷黑 Pro&quot;, &quot;LiHei Pro&quot;, &quot;Heiti TC&quot;, 微軟正黑體, &quot;Microsoft JhengHei UI&quot;, &quot;Microsoft JhengHei&quot;, sans-serif; white-space: pre-wrap"">易堆寵物 泡泡飲水器 2.8L(犬貓皆適用)。多種顏設計，簡約設計風格。免插電自動出水設計，將飲用水加入透明水球裡，對準卡榫後，水才會從水球流入底下的水盆。水減到到一定水位後，就會停止供水。另附有止滑墊貼紙，不易滑動【顏色】藍色、灰色、粉色【容量】2.8L  【規格】29*18*23cm【材質】環保安全無毒PP樹脂、AS(聚苯乙烯)【產地】中國</span><br></div></body></HTML>"
"【特價95元 起】易堆寵物 伊麗莎白頭套(３種顏色４個尺寸) 防舔頭套 軟布頭套 甜甜圈 脖套 羞恥圈 台灣現貨 可超取(K003C12)","<HTML><header><meta name=""viewport"" content=""width=device-width, initial-scale=1, maximum-scale=15.0, user-scalable=yes""><style>img, div{max-width: 100%;height: auto;}div[align=""center""]>center>table,div[align=""center""]>center>table *{width: 100% !important;} div[align=""center""]>center>table img{max-width:750px;}div[align=""center""]>center>table tr td p,div[align=""center""]>center>table tr td{width:auto!important;}</style></header><body><div><span style=""color: rgba(0, 0, 0, 0.8); font-family: &quot;Helvetica Neue&quot;, Helvetica, Arial, 文泉驛正黑, &quot;WenQuanYi Zen Hei&quot;, &quot;Hiragino Sans GB&quot;, &quot;儷黑 Pro&quot;, &quot;LiHei Pro&quot;, &quot;Heiti TC&quot;, 微軟正黑體, &quot;Microsoft JhengHei UI&quot;, &quot;Microsoft JhengHei&quot;, sans-serif; white-space: pre-wrap"">易堆寵物 伊麗莎白頭套 防舔頭套 軟布頭套 。親膚柔軟的棉布材質，吸濕透氣，再加上PP棉，更具透氣，柔軟，舒適，更有彈性，毛孩行動比較不受影響，行動自如。。多款可愛圖樣可供選擇。。更適合身上有傷口，避免舔傷口神器，如皮膚病、結紮、術後….都可以使用。PS:商品屬於貼身接觸性衛生商品，購買後若經拆封及使用過，恕無法退貨，請見諒！【款式】藍色款／粉色小鴨款／黃色皇冠款【尺寸】XS碼：適合頸圍13~22cm，約1.2~2.4公斤以內幼貓【尺寸】S碼：適合頸圍17-27cm，約2.4~5.4公斤貓咪【尺寸】M碼：適合頸圍20~32cm，約5.4~8.4公斤貓咪【尺寸】L碼：適合頸圍28~38cm，約8.4~10.8公斤貓咪(人工測量，會有少許2cm左右誤差)【材質】棉布、PP棉 【產地】中國</span><br></div></body></HTML>"
"【特價85元】易堆寵物 伸縮牽繩 伸縮 拉繩(３款) 犬貓適用 牽繩 寵物 貓 狗 外出散步必備 台灣現貨 可超取(K003B51)","<HTML><header><meta name=""viewport"" content=""width=device-width, initial-scale=1, maximum-scale=15.0, user-scalable=yes""><style>img, div{max-width: 100%;height: auto;}div[align=""center""]>center>table,div[align=""center""]>center>table *{width: 100% !important;} div[align=""center""]>center>table img{max-width:750px;}div[align=""center""]>center>table tr td p,div[align=""center""]>center>table tr td{width:auto!important;}</style></header><body><div><span style=""color: rgba(0, 0, 0, 0.8); font-family: &quot;Helvetica Neue&quot;, Helvetica, Arial, 文泉驛正黑, &quot;WenQuanYi Zen Hei&quot;, &quot;Hiragino Sans GB&quot;, &quot;儷黑 Pro&quot;, &quot;LiHei Pro&quot;, &quot;Heiti TC&quot;, 微軟正黑體, &quot;Microsoft JhengHei UI&quot;, &quot;Microsoft JhengHei&quot;, sans-serif; white-space: pre-wrap"">易堆寵物 伸縮牽繩/伸縮拉繩-粉色狗狗腳印圖樣。多款圖樣可供選擇，清新簡單又不失時尚!。符合人體工學手柄，防滑舒適。按鈕鎖設計，一鍵即可固定繩子長度，伸縮自如。牽繩可伸長至5M長，拉力承受可到15kg，適合給中小型犬或貓咪散步時使用，活動空間大。【款式】粉色狗狗腳印圖樣 /藍款白圓點圖樣 /繽紛花朵圖樣【尺寸】總長度5M(米)、殼長14.5cm*寬11cm*厚3 .3cm【材質】ABS+TPR無毒環保塑膠+尼龍繩+合金扣件 【產地】中國</span><br></div></body></HTML>"
"A★Star 貓薄荷夾心餡餅100g(20g*5小包)【6種口味可選】>可超取 (D952E01組)","<HTML><header><meta name=""viewport"" content=""width=device-width, initial-scale=1, maximum-scale=15.0, user-scalable=yes""><style>img, div{max-width: 100%;height: auto;}div[align=""center""]>center>table,div[align=""center""]>center>table *{width: 100% !important;} div[align=""center""]>center>table img{max-width:750px;}div[align=""center""]>center>table tr td p,div[align=""center""]>center>table tr td{width:auto!important;}</style></header><body><p><br><b><span style=""font-family: &quot;Microsoft JhengHei&quot;; font-size: 14px""><span style=""font-family: &quot;Microsoft JhengHei&quot;; font-size: 14px"">A★star 貓薄荷餡餅 選用繁複夾心工法烘焙，將鮭魚或鮪魚蒸煮濃縮成鮮美餡料，</span><br><span style=""font-family: &quot;Microsoft JhengHei&quot;; font-size: 14px"">再佐以小麥粉揉合貓薄荷、干貝、蝦子、鱈魚等不同食材，層層烘焙成酥脆夾心餡餅，</span><br><span style=""font-family: &quot;Microsoft JhengHei&quot;; font-size: 14px"">讓愛貓口口都能品嚐到雙重的鮮香口感滋味，是款營養美味又舒壓的零食。</span></span><br><br><span style=""font-family: &quot;Microsoft JhengHei&quot;; font-size: 14px"">適用對象：18週以上幼貓、成貓及老貓</span></b><br><br><span style=""font-family: &quot;Microsoft JhengHei&quot;; font-size: 14px"">=======================</span><br><br><span style=""font-family: &quot;Microsoft JhengHei&quot;; background-color: rgb(214, 239, 214); color: rgb(255, 156, 0); font-weight: bold; font-size: 14px"">貓薄荷 原草鮭魚 夾心餡餅</span><br><br><span style=""font-family: &quot;Microsoft JhengHei&quot;; font-size: 14px"">成份：</span><span style=""font-family: &quot;Microsoft JhengHei&quot;; font-size: 14px"">小麥粉、棕櫚油、鮭魚、貓薄荷、葵花仔油、啤酒酵母、牛磺酸、葡萄糖、大豆卵磷脂、天然維生素E、小蘇打、天然色素</span><br><br><span style=""font-family: &quot;Microsoft JhengHei&quot;; font-size: 14px"">營養成分及含量：蛋白質 9%以上, 粗脂肪 6.5%以上, 粗纖維 3.5%以下, 粗灰份 3.5%以下, 水份 8%以下</span><br><br><span style=""font-family: &quot;Microsoft JhengHei&quot;; font-size: 14px"">======================</span><br><br><span style=""font-family: &quot;Microsoft JhengHei&quot;; color: rgb(123, 57, 0); background-color: rgb(255, 231, 206); font-size: 14px""><b>貓薄荷 鮪魚鮭魚 夾心餡餅</b></span><br><br><span style=""font-family: &quot;Microsoft JhengHei&quot;; font-size: 14px"">成份：</span><span style=""font-family: &quot;Microsoft JhengHei&quot;; font-size: 14px"">小麥粉、棕櫚油、鮪魚、鮭魚、貓薄荷、葵花仔油、啤酒酵母、牛磺酸、葡萄糖、大豆卵磷脂、天然維生素E、小蘇打、天然色素</span><br><br><span style=""font-family: &quot;Microsoft JhengHei&quot;; font-size: 14px"">營養成分及含量：蛋白質 9%以上, 粗脂肪 6.5%以上, 粗纖維 3.5%以下, 粗灰份 3.5%以下, 水份 8%以下</span><br><br><span style=""font-family: &quot;Microsoft JhengHei&quot;; font-size: 14px"">======================</span><br><br><span style=""font-family: &quot;Microsoft JhengHei&quot;; background-color: rgb(255, 239, 198); color: rgb(181, 99, 8); font-weight: bold; font-size: 14px"">貓薄荷 鱈魚鮭魚 夾心餡餅</span><br><br><span style=""font-family: &quot;Microsoft JhengHei&quot;; font-size: 14px"">成份：</span><span style=""font-family: &quot;Microsoft JhengHei&quot;; font-size: 14px"">小麥粉、棕櫚油、鱈魚、鮭魚、貓薄荷、葵花仔油、啤酒酵母、牛磺酸、葡萄糖、大豆卵磷脂、天然維生素E、小蘇打、天然色素</span><br><br><span style=""font-family: &quot;Microsoft JhengHei&quot;; font-size: 14px"">營養成分及含量：蛋白質 9%以上, 粗脂肪 6.5%以上, 粗纖維 3.5%以下, 粗灰份 3.5%以下,水份 8%以下</span><br><br><span style=""font-family: &quot;Microsoft JhengHei&quot;; font-size: 14px"">======================</span><br><br><span style=""font-family: &quot;Microsoft JhengHei&quot;; background-color: rgb(255, 231, 206); color: rgb(206, 0, 0); font-weight: bold; font-size: 14px"">貓薄荷 蟹肉鮪魚 夾心餡餅</span><br><br><span style=""font-family: &quot;Microsoft JhengHei&quot;; font-size: 14px"">成份：</span><span style=""font-family: &quot;Microsoft JhengHei&quot;; font-size: 14px"">小麥粉、棕櫚油、蟹肉、鮪魚、貓薄荷、葵花仔油、啤酒酵母、牛磺酸、葡萄糖、大豆卵磷脂、天然維生素E、小蘇打、天然色素</span><br><br><span style=""font-family: &quot;Microsoft JhengHei&quot;; font-size: 14px"">營養成分及含量：蛋白質 9%以上, 粗脂肪 6.5%以上, 粗纖維 3.5%以下, 粗灰份 3.5%以下,水份 8%以下</span><br><br><span style=""font-family: &quot;Microsoft JhengHei&quot;; font-size: 14px"">======================</span><br><br><span style=""font-weight: bold""><span style=""font-family: &quot;Microsoft JhengHei&quot;; background-color: rgb(247, 198, 206); color: rgb(206, 0, 0); font-size: 14px"">貓薄荷 鮮蝦鮪魚 夾心餡餅</span><br></span><br><span style=""font-family: &quot;Microsoft JhengHei&quot;; font-size: 14px"">成份：</span><span style=""font-family: &quot;Microsoft JhengHei&quot;; font-size: 14px"">小麥粉、棕櫚油、蝦粉、鮪魚、貓薄荷、葵花仔油、啤酒酵母、牛磺酸、葡萄糖、大豆卵磷脂、天然維生素E、小蘇打、天然色素</span><br><br><span style=""font-family: &quot;Microsoft JhengHei&quot;; font-size: 14px"">營養成分及含量：蛋白質 9%以上, 粗脂肪 6.5%以上, 粗纖維 3.5%以下, 粗灰份 3.5%以下,水份 8%以下</span><br><br><span style=""font-family: &quot;Microsoft JhengHei&quot;; font-size: 14px"">======================</span><br><br><span style=""background-color: rgb(214, 239, 214)""><span style=""font-family: &quot;Microsoft JhengHei&quot;; font-weight: bold; color: rgb(206, 0, 0); font-size: 14px"">貓薄荷 干貝鮪魚 夾心餡餅</span><br></span><br><span style=""font-family: &quot;Microsoft JhengHei&quot;; font-size: 14px"">成份：</span><span style=""font-family: &quot;Microsoft JhengHei&quot;; font-size: 14px"">小麥粉、棕櫚油、干貝、鮪魚、貓薄荷 、葵花仔油、啤酒酵母、牛磺酸、葡萄糖、大豆卵磷脂、天然維生素E、小蘇打、天然色素</span><br><br><span style=""font-family: &quot;Microsoft JhengHei&quot;; font-size: 14px"">營養成分及含量：蛋白質 9%以上, 粗脂肪 6.5%以上, 粗纖維 3.5%以下, 粗灰份 3.5%以下, 水份 8%以下</span><br><br><span style=""font-family: &quot;Microsoft JhengHei&quot;; font-size: 14px"">=====================</span><br><br><span style=""font-family: &quot;Microsoft JhengHei&quot;; font-size: 14px"">熱量：３６０千卡／１００公克</span><br><br><span style=""font-family: &quot;Microsoft JhengHei&quot;; font-size: 14px"">使用方法：依寵物體型與食量，適量直接餵食，多食無妨 </span><br><br><span style=""font-family: &quot;Microsoft JhengHei&quot;; font-size: 14px"">其他應注意事項：本產品顏色可能深淺不一，屬烘焙自然現象，請放心食用。</span><br><br><span style=""font-family: &quot;Microsoft JhengHei&quot;; font-size: 14px"">保存方法：開封前，避免放置於陽光直射高溫潮濕的場所；開封後，請儘早食用完畢。</span><br><br><span style=""font-family: &quot;Microsoft JhengHei&quot;; font-size: 14px"">保存期限：24個月</span><br><br><span style=""font-family: &quot;Microsoft JhengHei&quot;; font-size: 14px"">淨重：</span><font>100公克(</font><span style=""font-family: &quot;Microsoft JhengHei&quot;"">20公克x5入)</span></p><p><br><span style=""font-family: &quot;Microsoft JhengHei&quot;; font-size: 14px"">原產國：新加坡</span><br><br></p></body></HTML>"
"【特價99元，新舊包裝更換中】驕傲貓 PetVillage 貓薄荷餅100g  (PV-341-1001)【多種口味】>可超取 (D912F01組)","<HTML><header><meta name=""viewport"" content=""width=device-width, initial-scale=1, maximum-scale=15.0, user-scalable=yes""><style>img, div{max-width: 100%;height: auto;}div[align=""center""]>center>table,div[align=""center""]>center>table *{width: 100% !important;} div[align=""center""]>center>table img{max-width:750px;}div[align=""center""]>center>table tr td p,div[align=""center""]>center>table tr td{width:auto!important;}</style></header><body><p><b style=""background-color: rgb(255, 255, 0)"">新舊包裝更換中</b><br></p><p><b><span style=""font-family: &quot;Microsoft JhengHei&quot;; font-size: 14px"">●將貓薄荷草與營養的山珍海味揉進麵糰中，經過獨家烘焙技術與適當溫控烘烤成貓薄荷餅，保留貓草</span><br></b><b><span style=""font-family: &quot;Microsoft JhengHei&quot;; font-size: 14px"">●最純粹完整的營養成分，讓貓咪零食吃得健康，吃得歡樂&nbsp;</span><br><span style=""font-family: &quot;Microsoft JhengHei&quot;; font-size: 14px"">●適用對象：全齡貓</span><br><br></b><br><b style=""color: rgb(57, 123, 33)""><span style=""font-family: &quot;Microsoft JhengHei&quot;; font-size: 14px"">原草風味 (PV-341-1001)</span></b><br><br><span style=""font-family: &quot;Microsoft JhengHei&quot;; font-size: 14px"">成份：麵粉，麥芽糖，棕櫚油，魚粉，貓薄荷，啤酒酵母，葵花仔油，葡萄糖，大豆卵磷脂，天然維生素E，食用色素綠色3號</span><br><br><span style=""font-family: &quot;Microsoft JhengHei&quot;; font-size: 14px"">營養標示及含量：粗蛋白質12%，粗脂肪8%，水份4%，粗灰份2%,粗織維1%.</span><br><br><span style=""font-family: &quot;Microsoft JhengHei&quot;; font-size: 14px"">======================</span><br><br><span style=""font-weight: bold; color: rgb(181, 99, 8); font-family: &quot;Microsoft JhengHei&quot;; font-size: 14px"">起司風味 (PV-341-1002)</span><br><br><span style=""font-family: &quot;Microsoft JhengHei&quot;; font-size: 14px"">成份：麵粉，麥芽糖，棕櫚油，魚粉，貓薄荷，啤酒酵母，葵花仔油，葡萄糖，大豆卵磷脂，天然維生素E，起司粉，食用色素黃色4號</span><br><br><span style=""font-family: &quot;Microsoft JhengHei&quot;; font-size: 14px"">營蓑標示及含量：粗蛋白質12%，粗脂肪8%，水份4%，粗灰份2%，粗纖維1%</span><br><br><span style=""font-family: &quot;Microsoft JhengHei&quot;; font-size: 14px"">=====================</span><br><br><span style=""font-weight: bold; color: rgb(123, 57, 0); font-family: &quot;Microsoft JhengHei&quot;; font-size: 14px"">鮪魚風味 (PV-341-1003)</span><br><br><span style=""font-family: &quot;Microsoft JhengHei&quot;; font-size: 14px"">成分：麵粉，麥芽糖，棕櫚油，魚粉，貓薄荷，啤酒酵母，葵花仔油，葡萄糖，大豆卵磷脂，天然維生素E，鮪魚風味，食用焦糖色素</span><br><br><span style=""font-family: &quot;Microsoft JhengHei&quot;; font-size: 14px"">營養標示及含量：粗蛋白質12%，粗脂肪8%，水份4%，粗灰份2%，粗纖維1%</span><br><br><span style=""font-family: &quot;Microsoft JhengHei&quot;; font-size: 14px"">====================</span><br><br><span style=""font-weight: bold; color: rgb(255, 156, 0); font-family: &quot;Microsoft JhengHei&quot;; font-size: 14px"">鮭魚風味 (PV-341-1004)</span><br><br><span style=""font-family: &quot;Microsoft JhengHei&quot;; font-size: 14px"">成分：麵粉，麥芽糖，棕櫚油，魚粉，貓薄荷，啤酒酵母，葵花仔油，葡萄糖，大豆卵磷脂，天然維生素E，鮭魚風味，食用色素紅色6號，食用色素黃色5號</span><br><br><span style=""font-family: &quot;Microsoft JhengHei&quot;; font-size: 14px"">營養標示及含量：粗蛋白質12%，粗脂肪8%，水份4%，粗灰份2%，粗纖維1%</span><br><br><span style=""font-family: &quot;Microsoft JhengHei&quot;; font-size: 14px"">=====================</span><br><br><span style=""color: rgb(156, 0, 0); font-weight: bold; font-family: &quot;Microsoft JhengHei&quot;; font-size: 14px"">干貝風味 (PV-341-1005)</span><br><br><span style=""font-family: &quot;Microsoft JhengHei&quot;; font-size: 14px"">成分：麵粉，麥芽糖，棕櫚油，魚粉，貓薄荷，啤酒酵母，葵花仔油，葡萄糖，大豆卵磷脂，天然維生素E，干貝風味，食用色素黃色4號</span><br><br><span style=""font-family: &quot;Microsoft JhengHei&quot;; font-size: 14px"">營養標示及含量：粗蛋白質12%，粗脂肪8%，水份4%，粗灰份2%，粗纖維1%</span><br><br><span style=""font-family: &quot;Microsoft JhengHei&quot;; font-size: 14px"">====================</span><br><br><span style=""font-weight: bold; color: rgb(206, 0, 0); font-family: &quot;Microsoft JhengHei&quot;; font-size: 14px"">蟹肉風味 (PV-341-1006)</span><br><br><span style=""font-family: &quot;Microsoft JhengHei&quot;; font-size: 14px"">成分：麵粉，麥芽糖，棕櫚油，魚粉，貓薄荷，啤酒酵母，葵花仔油，葡萄糖，大豆卵磷脂，天然維生素E，蟹肉風味，食用色素黃色4號，食用色素紅色6號，食用色素黃色5號</span><br><br><span style=""font-family: &quot;Microsoft JhengHei&quot;; font-size: 14px"">營養標示及含量：粗蛋白質12%，粗脂肪8%，水份4%，粗灰份2%，粗纖維1%</span><br><br><br><span style=""font-family: &quot;Microsoft JhengHei&quot;; font-size: 14px"">淨重：20公克*5入／20公克單包</span><br><br><span style=""font-family: &quot;Microsoft JhengHei&quot;; font-size: 14px"">保存期限：18個月</span><br><br><span style=""font-family: &quot;Microsoft JhengHei&quot;; font-size: 14px"">保存方法：開封前，避免放置於陽光直射高溫潮濕的場所；開封後請儘早餵食完畢，並密封保存，以免餅乾軟化。</span><br><br><span style=""font-family: &quot;Microsoft JhengHei&quot;; font-size: 14px"">使用方式：請依寵物體型與食量，適量直接餵食。</span><br><br><span style=""font-family: &quot;Microsoft JhengHei&quot;; font-size: 14px"">其他應注意事項：本產品顏色可能深淺不一，屬烘焙自然現象，請放心食用。</span><br><br><span style=""font-family: &quot;Microsoft JhengHei&quot;; font-size: 14px"">原產地：新加坡</span><br><br><br></p></body></HTML>"
"【特價520元】皇冠 寵愛 運輸籠-基本款(643)-大-藍色/粉紅色 (M563A02-1/M563A02-2)","<HTML><header><meta name=""viewport"" content=""width=device-width, initial-scale=1, maximum-scale=15.0, user-scalable=yes""><style>img, div{max-width: 100%;height: auto;}div[align=""center""]>center>table,div[align=""center""]>center>table *{width: 100% !important;} div[align=""center""]>center>table img{max-width:750px;}div[align=""center""]>center>table tr td p,div[align=""center""]>center>table tr td{width:auto!important;}</style></header><body><p><br></p><p><b><span style=""font-family: &quot;Microsoft JhengHei&quot;; font-size: 14px"">●塑膠材質，清洗簡單</span><br></b><b><span style=""font-family: &quot;Microsoft JhengHei&quot;; font-size: 14px"">●四角安全彈簧扣，開關簡單，又牢固</span><br></b><b><span style=""font-family: &quot;Microsoft JhengHei&quot;; font-size: 14px"">●內附有塑膠底網，外出或遠行時，可放一片尿布墊，預防無預警的大小便問題</span><br></b><span style=""font-family: &quot;Microsoft JhengHei&quot;; font-size: 14px""><b>●皆附有一個懸掛式飲水器<br></b></span><span style=""font-family: &quot;Microsoft JhengHei&quot;""><b><br></b>材質：塑膠<br></span><span style=""font-family: &quot;Microsoft JhengHei&quot;""><br>尺寸：<br></span><span style=""font-family: &quot;Microsoft JhengHei&quot;"">運輸籠：約長49x寬32x高34公分<br></span><span style=""font-family: &quot;Microsoft JhengHei&quot;"">塑膠底網：約長42x寬24.5公分<br></span><span style=""font-family: &quot;Microsoft JhengHei&quot;"">裡面空間：約長44x寬28公分<br></span><span style=""font-family: &quot;Microsoft JhengHei&quot;""><br>可承受重量：5公斤以下<br><br></span></p></body></HTML>"
"【特價570元】皇冠寵愛 運輸籠-天窗型(843)-大-藍色/粉紅色 (M563A01-1/M563A01-2)","<HTML><header><meta name=""viewport"" content=""width=device-width, initial-scale=1, maximum-scale=15.0, user-scalable=yes""><style>img, div{max-width: 100%;height: auto;}div[align=""center""]>center>table,div[align=""center""]>center>table *{width: 100% !important;} div[align=""center""]>center>table img{max-width:750px;}div[align=""center""]>center>table tr td p,div[align=""center""]>center>table tr td{width:auto!important;}</style></header><body><p class=""tidied-201405274651-1"" style=""text-align: center; font-family: Verdana, Arial, Helvetica, sans-serif; font-size: 12px; line-height: normal""></p><div><br></div><div><div><span style=""font-size: 14px; font-family: &quot;Microsoft JhengHei&quot;""><b>●天窗型，上面天窗也可以拆掉</b></span></div><div><span style=""font-size: 14px; font-family: &quot;Microsoft JhengHei&quot;""><b>●塑膠材質，清洗簡單</b></span></div><div><span style=""font-size: 14px; font-family: &quot;Microsoft JhengHei&quot;""><b>●四角安全彈簧扣，開關簡單，又牢固</b></span></div><div><span style=""font-size: 14px; font-family: &quot;Microsoft JhengHei&quot;""><b>●內附有塑膠底網，外出或遠行時，可放一片尿布墊，預防無預警的大小便問題</b></span></div><div><span style=""font-size: 14px; font-family: &quot;Microsoft JhengHei&quot;""><b>●皆附有一個懸掛式飲水器</b></span></div><div><span style=""font-size: 14px""><br></span></div><div><span style=""font-size: 14px; font-family: &quot;Microsoft JhengHei&quot;"">材質：塑膠</span></div><div><span style=""font-size: 14px""><br></span></div><div><span style=""font-size: 14px; font-family: &quot;Microsoft JhengHei&quot;"">尺寸：</span></div><div><span style=""font-size: 14px; font-family: &quot;Microsoft JhengHei&quot;"">運輸籠：約長49x寬32x高34公分</span></div><div><span style=""font-size: 14px; font-family: &quot;Microsoft JhengHei&quot;"">塑膠底網：約長42x寬24.5公分</span></div><div><span style=""font-size: 14px; font-family: &quot;Microsoft JhengHei&quot;"">裡面空間：約長44x寬28公分</span></div><div><span style=""font-size: 14px""><br></span><span style=""font-family: &quot;Microsoft JhengHei&quot;; font-size: 14px"">可承受重量：5公斤以下</span></div><div><span style=""font-family: &quot;Microsoft JhengHei&quot;; font-size: 14px""><br></span></div></div></body></HTML>"
"【特價580元】寵物專業運輸籠-上開式(H315)-藍色/紅色 (M563B02-1/M563B02-2)","<HTML><header><meta name=""viewport"" content=""width=device-width, initial-scale=1, maximum-scale=15.0, user-scalable=yes""><style>img, div{max-width: 100%;height: auto;}div[align=""center""]>center>table,div[align=""center""]>center>table *{width: 100% !important;} div[align=""center""]>center>table img{max-width:750px;}div[align=""center""]>center>table tr td p,div[align=""center""]>center>table tr td{width:auto!important;}</style></header><body><p></p><div><br></div><div><div><b><span style=""font-family: &quot;Microsoft JhengHei&quot;; font-size: 14px"">●耐衝擊塑膠材質，輕巧好攜帶，適合小型寵物的短程運輸</span><br></b><b><span style=""font-family: &quot;Microsoft JhengHei&quot;; font-size: 14px"">●籠門為旋轉式按鈕設計，需施力按壓才會打開</span><br></b><b><span style=""font-family: &quot;Microsoft JhengHei&quot;; font-size: 14px"">●上開式設計，方便觀察寵物情況</span><br></b><b><span style=""font-family: &quot;Microsoft JhengHei&quot;; font-size: 14px"">●外出或旅遊時，可將飲水器固定於寵物籠上方便寵物飲水</span><br></b><b><span style=""font-family: &quot;Microsoft JhengHei&quot;; font-size: 14px"">●籠子側邊共有4個卡夾鎖緊寵物籠，操作簡單。籠子前門為金屬材質加以烤漆，堅固且耐看</span><br></b><b><span style=""font-family: &quot;Microsoft JhengHei&quot;; font-size: 14px"">●上下層可拆開清洗，適合7KG以下的寵物使用</span><br></b><br><span style=""font-family: &quot;Microsoft JhengHei&quot;; font-size: 14px"">尺寸：50.5公分(長) x 33.5cm 公分(寬) x 30公分(高)</span><br><br><span style=""font-family: &quot;Microsoft JhengHei&quot;; font-size: 14px"">裡面尺寸約45公分ｘ32公分ｘ28公分</span><br><br><span style=""font-family: &quot;Microsoft JhengHei&quot;; font-size: 14px"">產地：臺灣</span><br><br></div></div></body></HTML>"
"【特價550元】寵物專業運輸籠- H165 無上開 -特價510元【二色可選，不含飲水器】(M563B01-1/M563B01-2)","<HTML><header><meta name=""viewport"" content=""width=device-width, initial-scale=1, maximum-scale=15.0, user-scalable=yes""><style>img, div{max-width: 100%;height: auto;}div[align=""center""]>center>table,div[align=""center""]>center>table *{width: 100% !important;} div[align=""center""]>center>table img{max-width:750px;}div[align=""center""]>center>table tr td p,div[align=""center""]>center>table tr td{width:auto!important;}</style></header><body><p><br></p><p>●耐衝擊塑膠材質，輕巧好攜帶，適合小型寵物的短程運輸<br>●籠門為旋轉式按鈕設計，需施力按壓才會打開<br>●外出或旅遊時，可將飲水器固定於寵物籠上方便寵物飲水<br>●籠子側邊共有4個卡夾鎖緊寵物籠，操作簡單。籠子前門為金屬材質加以烤漆，堅固且耐看<br>●上下層可拆開清洗，適合7KG以下的寵物使用<br><br>尺寸：約50.5x33x30公分<br><br>產地：臺灣<br><br></p></body></HTML>"
"【特價850元】IRIS 犬貓外出提籃 BL-460【3色可選，附背帶】(M093B01/M093B02/M093B03)","<HTML><header><meta name=""viewport"" content=""width=device-width, initial-scale=1, maximum-scale=15.0, user-scalable=yes""><style>img, div{max-width: 100%;height: auto;}div[align=""center""]>center>table,div[align=""center""]>center>table *{width: 100% !important;} div[align=""center""]>center>table img{max-width:750px;}div[align=""center""]>center>table tr td p,div[align=""center""]>center>table tr td{width:auto!important;}</style></header><body><p><br></p><p><b><span style=""font-family: &quot;Microsoft JhengHei&quot;; font-size: 14px"">●內部空間寬闊，並且於提籠兩側有通風口，可保持住良好的通風讓寵物不會感到悶熱</span><br><span style=""font-family: &quot;Microsoft JhengHei&quot;; font-size: 14px"">●有安全扣環，附背帶可供外出使用</span><br><span style=""font-family: &quot;Microsoft JhengHei&quot;; font-size: 14px"">●底部有濾網，並有貼心設計於籠內有夾扣可將尿布固定住</span><br><span style=""font-family: &quot;Microsoft JhengHei&quot;; font-size: 14px"">●旋轉式門鎖，能夠將門緊緊扣住使飼主騎車運載時也能夠放心</span><br><span style=""font-family: &quot;Microsoft JhengHei&quot;; font-size: 14px"">●後方有隱藏式置物盒，可放置寵物或主人的隨身小物</span><br></b><br><span style=""font-family: &quot;Microsoft JhengHei&quot;; font-size: 14px"">適用對象：犬、貓</span><br><br><span style=""font-family: &quot;Microsoft JhengHei&quot;; font-size: 14px"">材質：聚丙烯</span><br><br><span style=""font-family: &quot;Microsoft JhengHei&quot;; font-size: 14px"">尺寸：24x46.5x32.11公分</span><br><br><span style=""font-family: &quot;Microsoft JhengHei&quot;; font-size: 14px"">產地：中國</span></p><p><br></p></body></HTML>"
"【特價500元】寵物手提/運輸籠 (XDB-406)【不含飲水器／踏墊】(M903A01)","<HTML><header><meta name=""viewport"" content=""width=device-width, initial-scale=1, maximum-scale=15.0, user-scalable=yes""><style>img, div{max-width: 100%;height: auto;}div[align=""center""]>center>table,div[align=""center""]>center>table *{width: 100% !important;} div[align=""center""]>center>table img{max-width:750px;}div[align=""center""]>center>table tr td p,div[align=""center""]>center>table tr td{width:auto!important;}</style></header><body><p><br></p><p><b><span style=""font-family: &quot;Microsoft JhengHei&quot;; font-size: 14px"">1.優質PP，材質輕，抗壓強<br></span></b><b><span style=""font-family: &quot;Microsoft JhengHei&quot;"">2.堅固籠門，兩邊均可開<br></span></b><b><span style=""font-family: &quot;Microsoft JhengHei&quot;"">3.四面通風透氣<br></span></b><b><span style=""font-family: &quot;Microsoft JhengHei&quot;"">4.卡扣設計，固定方便<br></span></b><span style=""font-family: &quot;Microsoft JhengHei&quot;""><span style=""font-weight: bold"">適用對象：小型犬/貓</span><span style=""font-weight: 700""><br></span></span><span style=""font-family: &quot;Microsoft JhengHei&quot;""><span style=""font-weight: 700""><br></span>材質：PP塑膠&nbsp; &nbsp; &nbsp; &nbsp; &nbsp; &nbsp; &nbsp; &nbsp;&nbsp;<br></span><span style=""font-family: &quot;Microsoft JhengHei&quot;""><br>尺寸：長52x寬34x高42公分&nbsp;<br></span><span style=""font-family: &quot;Microsoft JhengHei&quot;""><br>建議載重：8公斤以下&nbsp;<br></span><span style=""font-family: &quot;Microsoft JhengHei&quot;""><br><span style=""color: rgb(156, 0, 0); font-weight: bold"">注意事項：不含飲水器／踏墊，須另外購入。</span><span style=""color: rgb(156, 0, 0); font-weight: 700""><br></span></span><span style=""font-family: &quot;Microsoft JhengHei&quot;""><span style=""color: rgb(156, 0, 0); font-weight: 700""><br></span>產地：中國<br><br></span></p></body></HTML>"
"【特價92折 效期2026.06】Menforsan 愛莎蓉 貓用天然驅蟲項圈【三配方】(4622) >可超取 (J002B33-3)","<HTML><header><meta name=""viewport"" content=""width=device-width, initial-scale=1, maximum-scale=15.0, user-scalable=yes""><style>img, div{max-width: 100%;height: auto;}div[align=""center""]>center>table,div[align=""center""]>center>table *{width: 100% !important;} div[align=""center""]>center>table img{max-width:750px;}div[align=""center""]>center>table tr td p,div[align=""center""]>center>table tr td{width:auto!important;}</style></header><body><p><br></p><p><span style=""font-size: 14px""><b>●高品質天然驅蟲項圈，更新配方，取用天然苦楝油萃取物、香葉醇、薰衣草油三配方</b></span></p><p><span style=""font-size: 14px""><b>●有效預防跳蚤，壁蝨，蝨子, 蟎蟲, 蟲子</b></span></p><p><span style=""font-size: 14px""><b><span style=""font-size: 14px"">●效果長達90天，任何貓咪都可以使用，</span></b><span style=""color: rgb(255, 128, 192); font-weight: bold; font-size: 14px"">3個月以上幼貓即可使用</span></span></p><p><span style=""font-size: 14px""><b>●防水項圈，使用安全扣</b></span></p><p><span style=""font-size: 14px""><br></span></p><p><span style=""font-size: 14px"">成份：苦楝萃取物2.5%、薰衣草油1%、香葉醇1%</span></p><p><span style=""font-size: 14px""><br></span></p><p><span style=""font-size: 14px"">長度：33CM(公分)</span></p><p><span style=""font-size: 14px""><br></span></p><p><span style=""font-size: 14px"">使用方法：</span></p><p><span style=""font-size: 14px"">1.平展項圈通過固定頭滑到底。</span></p><p><span style=""font-size: 14px"">2.穿過固定頭，並拉至適合尺寸位置。</span></p><p><span style=""font-size: 14px"">3.調整並剪掉多餘不必要的長度。</span></p><p><span style=""font-size: 14px""><br></span></p><p><span style=""font-size: 14px"">注意事項：限外用使用。避免放置寵物及孩童可及之處。</span></p><p><span style=""font-size: 14px""><br></span></p><p><span style=""font-size: 14px"">保存期限：5年&nbsp; &nbsp; &nbsp; &nbsp;&nbsp;</span></p><p><span style=""font-size: 14px""><br></span></p><p><span style=""font-size: 14px"">製造商：西班牙 LABORATORIOS BILPER Group&nbsp; &nbsp;</span></p><p><span style=""font-size: 14px""><br></span></p><p><span style=""font-size: 14px"">產地：西班牙</span></p><p><span style=""font-size: 14px""><br></span></p><p><img src=""https://diz36nn4q02zr.cloudfront.net/webapi/images/r/SalePageDesc/6277238/0.jpg?ts=140903"" data-filename=""tzrhytsw""><br><br><img src=""https://diz36nn4q02zr.cloudfront.net/webapi/images/r/SalePageDesc/6277238/1.jpg?ts=140903"" data-filename=""iwkr45ju""><span style=""font-size: 14px""><br></span></p><div><br></div></body></HTML>"
"【出清價65元】易堆 繽粉雙耳 折疊外出碗 矽膠碗 寵物碗【隨機出貨，恕不挑色】>可超取 (L003E52)","<HTML><header><meta name=""viewport"" content=""width=device-width, initial-scale=1, maximum-scale=15.0, user-scalable=yes""><style>img, div{max-width: 100%;height: auto;}div[align=""center""]>center>table,div[align=""center""]>center>table *{width: 100% !important;} div[align=""center""]>center>table img{max-width:750px;}div[align=""center""]>center>table tr td p,div[align=""center""]>center>table tr td{width:auto!important;}</style></header><body><p><br></p><p><span style=""font-size: 14px; font-family: &quot;Microsoft JhengHei&quot;""><b>◆折疊式的設計，外出攜帶超便利</b></span></p><p><span style=""font-size: 14px; font-family: &quot;Microsoft JhengHei&quot;""><b>◆附運動掛鉤，外出時可以隨身一掛在牽繩上、背包上，隨時為寶貝補充水分或食物</b></span></p><p><span style=""font-size: 14px; font-family: &quot;Microsoft JhengHei&quot;""><b>◆大尺寸，中大型寶貝都可以使用&nbsp;</b></span></p><p><span style=""font-size: 14px; font-family: &quot;Microsoft JhengHei&quot;""><b>◆隨機出貨不挑色</b></span></p><p><span style=""font-size: 14px""><br></span></p><p><span style=""font-size: 14px; font-family: &quot;Microsoft JhengHei&quot;"">材質：聚丙烯、矽膠</span></p><p><span style=""font-size: 14px""><br></span></p><p><span style=""font-size: 14px; font-family: &quot;Microsoft JhengHei&quot;"">尺寸：250*195*23mm</span></p><p><span style=""font-size: 14px; font-family: &quot;Microsoft JhengHei&quot;"">開口直徑25公分，高6公分(拉開)</span></p><p><span style=""font-size: 14px""><br></span></p><p><span style=""font-size: 14px; font-family: &quot;Microsoft JhengHei&quot;"">產地：中國</span></p><p><span style=""font-size: 14px""><br></span></p></body></HTML>"
"【特價670元】QQ 經典條紋寵物前後揹袋-紅色 (M003E01)","<HTML><header><meta name=""viewport"" content=""width=device-width, initial-scale=1, maximum-scale=15.0, user-scalable=yes""><style>img, div{max-width: 100%;height: auto;}div[align=""center""]>center>table,div[align=""center""]>center>table *{width: 100% !important;} div[align=""center""]>center>table img{max-width:750px;}div[align=""center""]>center>table tr td p,div[align=""center""]>center>table tr td{width:auto!important;}</style></header><body><p style=""font-family: ""Times New Roman""; font-size: medium""><span class=""tidied-201808089317-1"" style=""font-size: 16px"">尺寸：L33XW18XH42cm</span></p><p style=""font-family: ""Times New Roman""; font-size: medium""><span class=""tidied-201808089317-1"" style=""font-size: 16px"">建議載重：5kg↓</span></p><p style=""font-family: ""Times New Roman""; font-size: medium""><span class=""tidied-201808089317-2"" style=""color: #ff0000""><strong><span class=""tidied-201808089317-1"" style=""font-size: 16px"">紅色</span></strong></span></p><p style=""font-family: ""Times New Roman""; font-size: medium""><span class=""tidied-201808089317-3"" style=""font-size: 16px; font-weight: bold"">◆採用高質量帆布，經典條紋元素，不敗款，帶寶貝出門的時尚必備單品</span></p><p style=""font-family: ""Times New Roman""; font-size: medium""><span class=""tidied-201808089317-3"" style=""font-size: 16px; font-weight: bold"">◆可當前後背包，符合人體工學與減壓肩帶設計</span></p><p style=""font-family: ""Times New Roman""; font-size: medium""><span class=""tidied-201808089317-3"" style=""font-size: 16px; font-weight: bold"">◆捲簾式透氣網蓋設計，上方及側邊都可以，讓寶貝不悶熱</span></p><p style=""font-family: ""Times New Roman""; font-size: medium""><span class=""tidied-201808089317-3"" style=""font-size: 16px; font-weight: bold"">◆前面還有一個大袋子，可攜帶寶貝的小零食或用品</span></p><p style=""font-family: ""Times New Roman""; font-size: medium""><span class=""tidied-201808089317-3"" style=""font-size: 16px; font-weight: bold"">◆內附安全繩設計，可使寵物不隨易逃出</span></p><p style=""font-family: ""Times New Roman""; font-size: medium""><span class=""tidied-201808089317-3"" style=""font-size: 16px; font-weight: bold"">◆不可機洗</span></p><p style=""font-family: ""Times New Roman""; font-size: medium""><span class=""tidied-201808089317-3"" style=""font-size: 16px; font-weight: bold""> </span></p><p style=""font-family: ""Times New Roman""; font-size: medium""><span class=""tidied-201808089317-1"" style=""font-size: 16px"">材質：聚酯纖維</span></p><br style=""font-family: ""Times New Roman""; font-size: medium""><p style=""font-family: ""Times New Roman""; font-size: medium""><span class=""tidied-201808089317-1"" style=""font-size: 16px"">清潔方式：</span></p><p style=""font-family: ""Times New Roman""; font-size: medium""><span class=""tidied-201808089317-1"" style=""font-size: 16px"">用擰乾的抹布擦拭髒汙的部分。</span></p><p style=""font-family: ""Times New Roman""; font-size: medium""><span class=""tidied-201808089317-1"" style=""font-size: 16px"">用水打濕後，使用軟刷或抹布搭配中性清潔劑清洗內外後，晾乾即可。</span></p><p style=""font-family: ""Times New Roman""; font-size: medium""><span class=""tidied-201808089317-1"" style=""font-size: 16px""> </span></p><p style=""font-family: ""Times New Roman""; font-size: medium""><span class=""tidied-201808089317-1"" style=""font-size: 16px"">產地：中國</span></p><p style=""font-family: ""Times New Roman""; font-size: medium""><span class=""tidied-201808089317-2"" style=""color: #ff0000""><strong><span class=""tidied-201808089317-1"" style=""font-size: 16px""></span></strong></span></p></body></HTML>"
"【特價100元】QQ 寵物2用飼料夾折疊量匙-M >可超取 (L003F12)","<HTML><header><meta name=""viewport"" content=""width=device-width, initial-scale=1, maximum-scale=15.0, user-scalable=yes""><style>img, div{max-width: 100%;height: auto;}div[align=""center""]>center>table,div[align=""center""]>center>table *{width: 100% !important;} div[align=""center""]>center>table img{max-width:750px;}div[align=""center""]>center>table tr td p,div[align=""center""]>center>table tr td{width:auto!important;}</style></header><body><p style=""font-family: &quot;Times New Roman&quot;; font-size: medium""><span class=""tidied-201808089889-1"" style=""font-size: 16px"">尺寸：</span><span class=""tidied-201808082194-1"" style=""font-size: 16px"">量匙直徑9.5cm</span></p><p style=""font-family: &quot;Times New Roman&quot;; font-size: medium""><span style=""font-size: 16px"">容量：237ML(展開後碗深约5.5cm)</span></p><p style=""font-family: &quot;Times New Roman&quot;; font-size: medium""><span class=""tidied-201808089889-1"" style=""font-size: 16px"">M</span></p><p style=""font-family: &quot;Times New Roman&quot;; font-size: medium""><span class=""tidied-201808089889-2"" style=""font-size: 16px; font-weight: bold"">◆量匙可以摺疊、方便攜帶，另有刻度，方便計量</span></p><p style=""font-family: &quot;Times New Roman&quot;; font-size: medium""><span class=""tidied-201808089889-2"" style=""font-size: 16px; font-weight: bold"">◆另有密封夾口功能</span></p><p style=""font-family: &quot;Times New Roman&quot;; font-size: medium""><span class=""tidied-201808089889-2"" style=""font-size: 16px; font-weight: bold"">◆可掛在牽引繩、包包上，方便攜帶節省空間</span></p><p style=""font-family: &quot;Times New Roman&quot;; font-size: medium""><span class=""tidied-201808089889-2"" style=""font-size: 16px; font-weight: bold"">◆外出旅遊或外出飲水進食之必備佳品</span></p><p style=""font-family: &quot;Times New Roman&quot;; font-size: medium""><span class=""tidied-201808089889-1"" style=""font-size: 16px"">材質：TPE矽膠</span></p><p style=""font-family: &quot;Times New Roman&quot;; font-size: medium""><span class=""tidied-201808089889-1"" style=""font-size: 16px"">產地：中國</span></p><p style=""font-family: &quot;Times New Roman&quot;; font-size: medium""><span class=""tidied-201808089889-1"" style=""font-size: 16px""></span></p></body></HTML>"
"【特價90元】QQ 寵物2用飼料夾折疊量匙-S >可超取 (L003F11)","<HTML><header><meta name=""viewport"" content=""width=device-width, initial-scale=1, maximum-scale=15.0, user-scalable=yes""><style>img, div{max-width: 100%;height: auto;}div[align=""center""]>center>table,div[align=""center""]>center>table *{width: 100% !important;} div[align=""center""]>center>table img{max-width:750px;}div[align=""center""]>center>table tr td p,div[align=""center""]>center>table tr td{width:auto!important;}</style></header><body><p style=""font-family: &quot;Times New Roman&quot;; font-size: medium""><span class=""tidied-201808089889-1"" style=""font-size: 16px"">尺寸：量匙直徑7.5cm</span></p><p style=""font-family: &quot;Times New Roman&quot;; font-size: medium""><span class=""tidied-201808089889-1"" style=""font-size: 16px"">容量：118ML(展開後碗深约4.5cm)</span></p><p style=""font-family: &quot;Times New Roman&quot;; font-size: medium""><span class=""tidied-201808089889-1"" style=""font-size: 16px"">S</span></p><p style=""font-family: &quot;Times New Roman&quot;; font-size: medium""><span class=""tidied-201808089889-2"" style=""font-size: 16px; font-weight: bold"">◆量匙可以摺疊、方便攜帶，另有刻度，方便計量</span></p><p style=""font-family: &quot;Times New Roman&quot;; font-size: medium""><span class=""tidied-201808089889-2"" style=""font-size: 16px; font-weight: bold"">◆另有密封夾口功能</span></p><p style=""font-family: &quot;Times New Roman&quot;; font-size: medium""><span class=""tidied-201808089889-2"" style=""font-size: 16px; font-weight: bold"">◆可掛在牽引繩、包包上，方便攜帶節省空間</span></p><p style=""font-family: &quot;Times New Roman&quot;; font-size: medium""><span class=""tidied-201808089889-2"" style=""font-size: 16px; font-weight: bold"">◆外出旅遊或外出飲水進食之必備佳品</span></p><p style=""font-family: &quot;Times New Roman&quot;; font-size: medium""><span class=""tidied-201808089889-2"" style=""font-size: 16px; font-weight: bold"">&nbsp;</span></p><p style=""font-family: &quot;Times New Roman&quot;; font-size: medium""><span class=""tidied-201808089889-1"" style=""font-size: 16px"">材質：TPE矽膠</span></p><p style=""font-family: &quot;Times New Roman&quot;; font-size: medium""><span class=""tidied-201808089889-1"" style=""font-size: 16px"">&nbsp;</span></p><p style=""font-family: &quot;Times New Roman&quot;; font-size: medium""><span class=""tidied-201808089889-1"" style=""font-size: 16px"">產地：中國</span></p><p style=""font-family: &quot;Times New Roman&quot;; font-size: medium""><span class=""tidied-201808089889-1"" style=""font-size: 16px""></span></p></body></HTML>"
"【特價92折】Menforsan 愛莎蓉 天然貓用驅蟲噴劑250ml (0860) >可超取 (J002B32-1)","<HTML><header><meta name=""viewport"" content=""width=device-width, initial-scale=1, maximum-scale=15.0, user-scalable=yes""><style>img, div{max-width: 100%;height: auto;}div[align=""center""]>center>table,div[align=""center""]>center>table *{width: 100% !important;} div[align=""center""]>center>table img{max-width:750px;}div[align=""center""]>center>table tr td p,div[align=""center""]>center>table tr td{width:auto!important;}</style></header><body><div><strong><span style=""font-family: &quot;Microsoft JhengHei&quot;""><br></span></strong></div><p></p><p></p><strong><span style=""font-family: &quot;Microsoft JhengHei&quot;; font-size: 14px"">天然苦楝油、香葉醇、薰衣草油萃取物配方，天然成份驅蟲噴劑</span></strong><br><strong><span style=""color: rgb(0, 153, 51); font-family: &quot;Microsoft JhengHei&quot;; font-size: 14px"">天然苦楝精油，是天然殺蟲劑，有效去除跳蚤、壁蝨、蝨子及蟎蟲</span></strong><br><strong><span style=""color: rgb(102, 51, 255); font-family: &quot;Microsoft JhengHei&quot;; font-size: 14px"">香葉醇及薰衣草油，有效驅趕寄生蟲感染及飛蟲、蚊子叮咬</span></strong><br><strong><span style=""font-family: &quot;Microsoft JhengHei&quot;; font-size: 14px"">天然成份，中和ph值，不會有任何副作用，適合所有貓咪</span></strong><br><strong><span style=""color: rgb(255, 0, 0); font-family: &quot;Microsoft JhengHei&quot;; font-size: 14px"">禁用於3個月內的幼貓及哺乳母貓</span></strong><br><br><span style=""font-family: &quot;Microsoft JhengHei&quot;; font-size: 14px"">成份：酒精，水，十三烷基9，楝樹提取物，香葉醇，薰衣草油，香水</span><br><br><span style=""font-family: &quot;Microsoft JhengHei&quot;; font-size: 14px"">使用方法：</span><span style=""font-family: &quot;Microsoft JhengHei&quot;; font-size: 14px"">直接將產品離毛髮20公分處噴在毛髮中即可，一天使用1~2次。</span><br><br><span style=""font-family: &quot;Microsoft JhengHei&quot;; font-size: 14px"">注意事項：</span><br><span style=""font-family: &quot;Microsoft JhengHei&quot;; font-size: 14px"">限外用使用，以免造成刺激。</span><br><span style=""font-family: &quot;Microsoft JhengHei&quot;; font-size: 14px"">避免放置寵物及孩童可及之處。請避免接觸眼鼻口，若不小心碰觸到，而感到眼睛不適，請以清水沖洗，若刺激未改善，請諮詢獸醫師。</span><br><br><span style=""font-family: &quot;Microsoft JhengHei&quot;; font-size: 14px"">保存期限：5年</span><br><br><span style=""font-family: &quot;Microsoft JhengHei&quot;; font-size: 14px"">有效期限：請參見瓶身之浮水印(月/西元年)</span><br><br><span style=""font-family: &quot;Microsoft JhengHei&quot;; font-size: 14px"">產地：西班牙</span><p></p><p><span style=""font-family: &quot;Microsoft JhengHei&quot;; font-size: 14px""><br></span></p><p><img src=""https://diz36nn4q02zr.cloudfront.net/webapi/images/r/SalePageDesc/4156956/0.jpg?ts=145534"" data-filename=""5fosrs1u""><br><br><img src=""https://diz36nn4q02zr.cloudfront.net/webapi/images/r/SalePageDesc/4156956/1.jpg?ts=145534"" data-filename=""t2xxi2yh""><span style=""font-family: &quot;Microsoft JhengHei&quot;; font-size: 14px""><br></span></p></body></HTML>"
"【特價92折】Menforsan 愛莎蓉 貓用驅蟲滴劑2管 (0662) >可超取 (J002B34-1)","<HTML><header><meta name=""viewport"" content=""width=device-width, initial-scale=1, maximum-scale=15.0, user-scalable=yes""><style>img, div{max-width: 100%;height: auto;}div[align=""center""]>center>table,div[align=""center""]>center>table *{width: 100% !important;} div[align=""center""]>center>table img{max-width:750px;}div[align=""center""]>center>table tr td p,div[align=""center""]>center>table tr td{width:auto!important;}</style></header><body><p><br></p><p><span style=""font-size: 14px; font-family: &quot;Microsoft JhengHei&quot;"">容量：2管*1.5ML(毫升)</span></p><p><span style=""font-size: 14px; font-family: &quot;Microsoft JhengHei&quot;"">==========================</span></p><p><span style=""font-size: 14px; font-family: &quot;Microsoft JhengHei&quot;""><b>●天然苦楝油、香葉醇、薰衣草油萃取物配方，有效預防跳蚤、壁蝨、蟎蟲、蝨子、蚊子</b></span></p><p><span style=""font-size: 14px; font-weight: bold; font-family: &quot;Microsoft JhengHei&quot;"">●每管效果長達30天，天然配方，沒有任何副作用，</span><span style=""font-size: 14px; font-weight: 700; font-family: &quot;Microsoft JhengHei&quot;"">適合全品種貓咪&nbsp;</span><span style=""color: rgb(206, 0, 0); font-size: 14px; font-weight: bold; font-family: &quot;Microsoft JhengHei&quot;"">(禁用於3個月內的幼貓及哺乳中的母貓身上)</span></p><p><span style=""font-size: 14px""><br></span></p><p><span style=""font-size: 14px; font-family: &quot;Microsoft JhengHei&quot;"">成份：</span></p><p><span style=""font-size: 14px; font-family: &quot;Microsoft JhengHei&quot;"">丙二醇，硬脂醇聚醚-20甲基丙烯酸酯共聚物，水，香葉醇，楝樹提取物，薰衣草油，爪哇香茅油，2-苯氧乙醇，辛烷-1,2-二醇，癸烷-1,2-二醇</span></p><p><span style=""font-size: 14px""><br></span></p><p><span style=""font-size: 14px; font-family: &quot;Microsoft JhengHei&quot;"">使用方法：</span></p><p><span style=""font-size: 14px; font-family: &quot;Microsoft JhengHei&quot;"">將滴劑滴在寵物頸後背部皮膚上，從頭頂到肩胛骨(滴於貓咪舔不到的位置)，便會迅速透過寵物表皮吸收，毛髮一定要梳撥開，使滴液直接作用於皮膚上，不需要再按摩皮膚。</span></p><p><span style=""font-size: 14px; font-weight: bold; color: rgb(0, 128, 255); font-family: &quot;Microsoft JhengHei&quot;"">使用完請務必洗手，請勿用手指塗抹！</span></p><p><span style=""font-size: 14px""><br></span></p><p><span style=""font-size: 14px; font-family: &quot;Microsoft JhengHei&quot;"">用量：每月1管，如貓咪常有在室外活動，則15天用1管。</span></p><p><span style=""font-weight: bold; color: rgb(156, 0, 255)""><span style=""font-size: 14px; font-family: &quot;Microsoft JhengHei&quot;"">※愛莎蓉驅蟲滴劑商品，成份皆是採天然無毒，並不像藥用除蚤滴劑，所以不需要依照寵物的體重來分劑量。</span><br></span></p><p><span style=""font-size: 14px; font-weight: bold; color: rgb(156, 0, 255); font-family: &quot;Microsoft JhengHei&quot;"">居家貓一個月1管，如貓咪常有在室外活動，則15天用1管。</span></p><p><span style=""font-size: 14px; font-weight: bold; color: rgb(156, 0, 255); font-family: &quot;Microsoft JhengHei&quot;"">大型貓也可以加到2管，可依自身需求衡量。</span></p><p><span style=""font-size: 14px""><br></span></p><p><span style=""font-size: 14px; font-family: &quot;Microsoft JhengHei&quot;"">注意事項：限外用使用。避免放置寵物及孩童可及之處。</span></p><p><span style=""font-size: 14px""><br></span></p><p><span style=""font-size: 14px; font-family: &quot;Microsoft JhengHei&quot;"">保存期限：5年　有效期限：請參見盒裝上(月/西元年)</span></p><p><span style=""font-size: 14px""><br></span></p><p><span style=""font-size: 14px; font-family: &quot;Microsoft JhengHei&quot;"">產地：西班牙</span></p><p><span style=""font-size: 14px; font-family: &quot;Microsoft JhengHei&quot;""><br></span></p><p><img src=""https://diz36nn4q02zr.cloudfront.net/webapi/images/r/SalePageDesc/3179999/0.jpg?ts=145611"" data-filename=""xsoeldfo""><br><br><img src=""https://diz36nn4q02zr.cloudfront.net/webapi/images/r/SalePageDesc/3179999/1.jpg?ts=145611"" data-filename=""25022hwe""><span style=""font-size: 14px; font-family: &quot;Microsoft JhengHei&quot;""><br></span></p><p><br></p></body></HTML>"
"【特價92折】Menforsan 愛莎蓉 天然犬用驅蟲滴劑2管 (0648) >可超取 (J001D07-1)","<HTML><header><meta name=""viewport"" content=""width=device-width, initial-scale=1, maximum-scale=15.0, user-scalable=yes""><style>img, div{max-width: 100%;height: auto;}div[align=""center""]>center>table,div[align=""center""]>center>table *{width: 100% !important;} div[align=""center""]>center>table img{max-width:750px;}div[align=""center""]>center>table tr td p,div[align=""center""]>center>table tr td{width:auto!important;}</style></header><body><p><br></p><p><span style=""font-size: 14px"">容量：2管*1.5ML(毫升)<br></span><br>==========================<br><br><b>●天然苦楝油、香葉醇、薰衣草油萃取物配方，有效預防跳蚤、壁蝨、蟎蟲、蝨子、蚊子<br></b><span style=""font-weight: bold"">●每管效果長達30天，天然配方，沒有任何副作用，</span><span style=""font-weight: 700"">適合全品種狗狗 </span><font color=""#ce0000""><b>(禁用於3個月內的幼犬及哺乳中的母犬身上)<br><br></b></font>成份：<br>丙二醇，硬脂醇聚醚-20甲基丙烯酸酯共聚物，水，香葉醇，楝樹提取物，薰衣草油，爪哇香茅油，2-苯氧乙醇，辛烷-1,2-二醇，癸烷-1,2-二醇<br><br>使用方法：<br>將滴劑滴在寵物頸後背部皮膚上，從頭頂到肩胛骨(滴於狗狗舔不到的位置)，便會迅速透過寵物表皮吸收，毛髮一定要梳撥開，使滴液直接作用於皮膚上，不需要再按摩皮膚。<br><font color=""#0080ff""><b>使用完請務必洗手，請勿用手指塗抹！<br><br></b></font>用量：每月1管，如狗狗常有在室外活動，則15天用1管。<br><span style=""color: rgb(156, 0, 255); font-weight: bold"">※愛莎蓉驅蟲滴劑商品，成份皆是採天然無毒，並不像藥用除蚤滴劑，所以不需要依照寵物的體重來分劑量。<br></span><span style=""color: rgb(156, 0, 255); font-weight: bold"">居家犬一個月1管，如狗狗常有在室外活動，則15天用1管。<br></span><font color=""#9c00ff""><b>大型犬也可以加到2管，可依自身需求衡量。<br><br></b></font>注意事項：限外用使用。避免放置寵物及孩童可及之處。<br><br>保存期限：5年　有效期限：請參見盒裝上(月/西元年)<br><br>產地：西班牙<br><br><img src=""https://diz36nn4q02zr.cloudfront.net/webapi/images/r/SalePageDesc/3179954/0.jpg?ts=143646"" data-filename=""fsfggweg""></p><p><br></p><p><img src=""https://diz36nn4q02zr.cloudfront.net/webapi/images/r/SalePageDesc/3179954/1.jpg?ts=143646"" data-filename=""03utmj1r""><br></p></body></HTML>"
